TIC,Full TOI ID,TIC Right Ascension,TIC Declination,Sectors
176860064,1457.01,354.83668,45.719897,17
240968774,1467.01,19.113929,49.23378,17
431514478,1475.01,357.001182,49.790535,17
243185500,1468.01,16.654062,19.225878,17
16920150,1459.01,19.361505,26.746175,17
243185500,1468.02,16.654062,19.225878,17
17005768,1460.01,20.61057,26.925749,17
44631965,1461.01,22.236225,35.864814,17
432549364,1476.01,0.362154,39.383828,17
306263608,1471.01,30.904272,21.280864,17
306955329,1472.01,14.113588,48.637575,17
190998418,1463.01,7.053932,42.061373,17
352413427,1473.01,15.598197,37.185483,17
191284318,1458.01,9.57316,42.463116,17
240681314,1477.01,9.458792,51.288766,17
177244357,1538.01,356.995758,47.655686,17
202375913,1527.01,5.965464,51.468301,17
15692883,1493.01,17.474856,25.681696,17
411608801,1494.01,18.995212,21.616946,17
288348498,1551.01,19.700452,41.506184,17
318746829,1540.01,349.718637,56.008613,17
319068154,1541.01,350.108867,55.524124,17
345143460,1533.01,355.246562,57.48539,17
431585347,1543.01,357.674088,50.354986,17
127425841,1545.01,6.030682,40.165618,17
194203348,1546.01,1.196959,41.594006,17
283474780,1490.01,13.017401,36.392935,17
53875855,1491.01,14.652756,34.148258,17
409520860,1547.01,355.451894,37.186635,17
269509393,1513.01,350.373371,60.175587,17
440100539,1548.01,4.358048,42.282323,17
354594208,1492.01,1.887828,32.437771,17
191146556,1549.01,8.304434,46.340334,17
299158887,1554.01,289.226192,49.548181,14
117322779,1558.01,48.352264,49.783757,18
241076290,1560.01,29.032831,52.585503,18
245462406,1561.01,38.821642,55.70325,18
249862365,1562.01,38.122724,52.704289,18
249945230,1563.01,38.809453,48.274186,18
250724252,1564.01,33.50523,53.12154,18
251384275,1565.01,44.72027,58.73525,18
256414077,1566.01,15.606345,60.715607,18
259151170,1567.01,50.345023,52.692512,18
285666479,1569.01,43.610675,52.071048,18
285674856,1570.01,53.19629,51.884566,18
285677945,1571.01,53.098973,50.499031,18
292321872,1572.01,31.902208,45.500172,18
316254876,1575.01,51.988668,54.865686,18
332154944,1577.01,19.27813,57.514342,18
348135793,1578.01,34.376944,56.421514,18
354400186,1579.01,27.737993,48.352346,18
354469661,1580.01,28.282386,52.053894,18
370759867,1581.01,28.163214,55.186034,18
374400599,1582.01,34.697935,64.356395,18
50120414,1588.01,39.891132,62.433311,18
52041724,1589.01,14.119491,65.67899,18
71854745,1590.01,26.299418,54.568457,18
186599508,1592.01,45.087954,39.068572,18
192372961,1593.01,45.598308,43.183853,18
201154493,1594.01,56.14332,41.064372,18
385105624,1595.01,50.808001,46.682183,18
431899140,1596.01,56.222547,45.507191,18
68152139,1597.01,44.401995,40.016762,18
67418624,1598.01,28.660402,37.005124,18
129979528,1599.01,36.712743,37.550483,18
187029841,1600.01,34.555922,38.478891,18
139375960,1601.01,38.361445,41.013436,18
129991079,1602.01,37.132307,40.891361,18
73448352,1603.01,38.308144,30.3605,18
118301361,1604.01,34.195823,29.570497,18
101037590,1605.01,54.481097,33.079859,18
125735470,1606.01,56.660406,27.471521,18
26433869,1607.01,56.814325,30.149512,18
138017750,1608.01,50.800589,33.078384,18
388076005,1622.01,318.049179,68.052345,24
407394748,1623.01,5.420288,77.880028,25
157586003,1626.01,279.262424,40.01869,26
348673213,1639.01,35.807158,56.570164,18
286355915,1637.01,37.893261,34.368916,18
165551882,1633.01,266.766256,57.224761,18
422923265,1641.01,40.245575,42.871276,18
29054413,1631.01,50.916357,25.048072,18
312862941,1638.01,15.32176,55.697948,18
51024887,1632.01,42.154146,62.189709,18
201186294,1634.01,56.390169,37.112222,18
269892793,1636.01,44.292829,33.312688,18
22843856,1644.01,39.006499,25.588534,18
184679932,1645.01,32.293997,40.402005,18
387527558,1646.01,312.326644,70.796354,18
154927364,1647.01,207.874829,84.07158,19
376353509,1648.01,45.400981,69.2299,25
417705690,1668.01,348.607457,76.934276,25
428679607,1669.01,45.952938,83.587576,20
8400842,1676.01,65.469602,57.817192,19
87090944,1677.01,58.48597,58.968596,19
321041369,1681.01,81.671351,56.96359,19
367366318,1682.01,78.295536,33.318168,19
58542531,1683.01,65.979728,27.822546,19
85031598,1684.01,65.3458,62.245754,19
28900646,1685.01,68.59373,43.037414,19
102672709,1686.01,61.731043,66.119622,19
121966220,1688.01,75.797736,41.785832,19
198384408,1689.01,257.785192,56.659161,19
353475866,1693.01,90.308465,34.773167,19
470381900,1696.01,65.280563,48.819914,19
190223929,1698.01,98.503177,41.900816,20
22705558,1699.01,125.188777,46.203715,20
23650642,1700.01,126.08847,42.104992,20
274215536,1701.01,99.898144,42.131569,20
371210825,1702.01,111.559569,32.384147,20
453387619,1703.01,113.874499,49.478213,20
95129101,1704.01,114.932848,28.120168,20
137500798,1705.01,132.635181,82.927197,20
240148934,1707.01,101.382074,31.465655,20
241173474,1708.01,116.107294,43.009196,20
29119552,1709.01,118.62981,45.808015,20
445805961,1710.01,94.282756,76.210781,20
461662295,1711.01,124.446931,51.01058,20
67926921,1712.01,127.945711,44.832343,20
15863518,1713.01,100.52065,39.843181,20
239154970,1714.01,113.184238,33.835033,20
14336130,1716.01,105.082929,56.824435,20
149833117,1717.01,104.628533,67.677294,20
257241363,1718.01,112.018135,30.322403,20
293617835,1719.01,135.297536,55.859944,20
356473034,1720.01,117.026969,50.225811,20
51234631,1721.01,110.388168,58.268087,20
85242435,1722.01,114.34529,61.154178,20
81212286,1724.01,127.033289,56.427562,20
86396382,1725.01,97.636653,29.672296,20
130181866,1726.01,117.479418,27.363183,20
241225337,1727.01,93.558533,53.136171,20
285048486,1728.01,120.610626,64.796925,20
298666530,1729.01,278.399815,58.204945,20
318022259,1730.01,107.866429,48.330389,20
318022259,1730.02,107.866429,48.330389,20
371234684,1731.01,110.168568,37.140651,20
470987100,1732.01,111.801499,53.045087,20
53427308,1733.01,118.881919,54.59664,20
130181866,1726.02,117.479418,27.363183,20
408618999,1736.01,43.43502,69.101407,25
230386259,1785.01,285.728564,63.948925,23
372730331,1787.01,152.330377,39.162541,21
450327768,1788.01,160.229484,35.913665,21
172518755,1789.01,142.743444,26.540165,21
233684293,1791.01,260.763082,63.11077,21
29191596,1792.01,151.720794,45.88354,21
4897275,1774.01,148.160537,35.111655,21
9348006,1775.01,150.115134,39.457816,21
21535395,1776.01,164.776067,40.983608,21
29191624,1777.01,151.807036,46.114977,21
67646988,1779.01,147.769065,35.969296,21
99834717,1780.01,165.167426,64.963985,21
137881699,1781.01,150.572695,53.950889,21
229938290,1783.01,287.680981,64.153342,21
241196395,1784.01,153.549856,29.085569,21
287225295,1769.01,144.000462,51.607577,21
39699648,1778.01,136.778074,46.672601,21
160045097,1782.01,213.080045,74.411621,21
67666096,1766.01,148.64328,40.38805,21
8767448,1767.01,140.102977,33.882417,21
137906197,1768.01,152.102947,55.540076,21
457138169,1770.01,141.368144,50.908838,21
252479260,1771.01,155.681635,50.128351,21
85293053,1772.01,156.83791,34.391032,21
332064670,1773.01,133.149214,28.330821,21
304142124,1793.01,164.859562,-56.623036,10
368435330,1797.01,162.77714,25.641165,22
17993892,1800.01,171.274941,41.027964,22
165763244,1805.01,232.140084,55.185418,22
180695581,1807.01,201.283316,38.922485,22
307734817,1808.01,171.597126,28.056549,22
347329162,1809.01,183.366212,23.055675,22
373693175,1810.01,188.266276,44.915333,22
198153540,1798.01,211.094108,46.519399,22
286916251,1794.01,203.397703,49.061136,23
135083444,1795.01,184.36706,19.840005,22
138819293,1796.01,175.546222,26.706572,22
8967242,1799.01,167.232962,34.303191,22
119584412,1801.01,175.576559,23.026855,22
138762614,1802.01,164.254988,24.882426,22
144401492,1803.01,178.046561,35.171787,22
144401492,1803.02,178.046561,35.171787,22
148679712,1804.01,172.171151,46.480589,22
166648874,1806.01,166.118963,30.45875,22
376524552,1811.01,188.92258,27.214423,22
160440924,1814.01,236.816782,77.23273,22
285094173,1817.01,186.582061,46.470821,22
341815767,1819.01,267.520038,54.636178,22
9392421,1822.01,167.777822,39.526769,22
82308728,1821.01,168.638172,25.710387,22
237108272,1816.01,257.13923,78.586992,22
233720539,1815.01,276.379271,63.4881,22
330799746,1818.01,193.131051,34.901092,22
393831507,1820.01,187.686475,27.452148,22
142387023,1824.01,197.731187,61.744779,22
207425167,1812.01,242.747717,58.294553,22
390651552,1827.01,191.985937,9.751398,23
20182165,1830.01,226.181335,38.605228,24
27194429,1831.01,200.452841,17.765484,23
61098812,1833.01,205.454292,-0.128065,23
71612483,1834.01,202.294665,31.401947,23
347332255,1835.01,189.8396,20.027788,23
347332255,1835.02,189.8396,20.027788,23
144441148,1837.01,207.906169,33.492433,23
381714186,1839.01,196.833167,5.85231,23
165987272,1840.01,195.981862,30.640078,23
168699373,1841.01,213.144048,47.014735,23
404505029,1842.01,201.96276,9.030676,23
198108326,1844.01,209.389445,43.493501,23
272758199,1845.01,237.317123,71.443026,20
54002556,1847.01,23.5214,-14.41921,3
23740089,1849.01,208.09968,37.748544,23
149577217,1850.01,195.762026,21.923084,23
378976682,1851.01,197.748916,6.686664,23
219728669,1852.01,197.072122,23.120979,23
73540072,1853.01,211.459552,16.992423,23
157225097,1854.01,206.845462,19.758614,23
81247740,1855.01,205.354284,17.68722,23
224313733,1856.01,234.099273,57.890669,23
180652891,1857.01,199.607308,35.953989,23
424733642,1858.01,199.412712,22.850087,23
323295479,1861.01,130.800082,-83.061249,11
176984236,405.01,101.909386,-66.328353,4
382302241,151.01,83.348955,-58.745231,1
279740441,273.01,51.504634,-64.548553,3
389525208,154.01,313.261485,-38.59487,1
382188882,276.01,81.352974,-55.019917,3
336732616,103.01,312.457438,-24.428796,1
265612438,145.01,333.174746,-55.978763,1
403136413,158.01,333.578639,-55.379022,1
139285736,377.01,348.039807,-45.017154,2
355637190,293.01,358.154472,-54.468865,2
277683130,138.01,328.926194,-61.673286,1
231663901,101.01,318.736981,-55.87178,27
403224672,141.01,338.984609,-59.864489,28
97409519,113.01,332.714323,-30.749674,1
79395355,164.01,320.054165,-51.309907,1
235037761,131.01,353.826767,-64.561769,1
403287048,152.01,332.357821,-62.333998,1
369457671,168.01,311.643495,-37.904371,1
233964642,334.01,36.498808,-63.64756,2
99493790,162.01,317.639656,-23.305696,1
394137592,120.01,4.446408,-66.358985,1
253917293,160.01,337.500659,-31.924254,1
219338557,133.01,354.395739,-58.954636,1
355509914,202.01,15.524836,-59.087778,29
425934411,142.01,4.60579,-62.847886,28
415969574,342.01,342.170291,-18.520457,2
47425697,364.01,342.256105,-24.959245,2
20892672,378.01,1.39897,-19.489429,2
382474101,349.01,12.274293,-52.046527,2
207084429,381.01,22.756615,-51.215438,2
166697854,300.01,35.737327,-53.070244,2
220396259,379.01,68.891565,-56.138684,2
441075486,372.01,359.759017,-15.612006,2
9032368,373.01,355.901869,-11.269496,2
77031413,368.01,354.170177,-34.611855,2
47423120,352.01,342.067496,-24.838607,2
33911302,341.01,355.844916,-23.997926,2
69838258,339.01,337.921602,-21.945681,2
188593930,320.01,345.522736,-16.359925,2
8988289,316.01,354.759305,-9.882061,2
9102327,313.01,350.779792,-19.419677,2
434105231,311.01,354.33556,-13.455698,2
206686292,298.01,344.060688,-34.361112,28
188570092,294.01,339.026329,-16.999941,2
155995204,384.01,7.658508,-52.049388,2
229091748,382.01,3.79769,-46.272415,2
100014359,380.01,23.280502,-47.882058,30
281710229,308.01,11.484669,-55.922574,2
144276942,361.01,353.904034,-44.808807,2
80432617,359.01,11.673102,-42.361752,2
199731190,350.01,21.292013,-47.262926,2
118327533,346.01,10.344483,-37.343,2
80439101,340.01,11.747311,-44.36993,2
155986102,337.01,7.329948,-50.140124,2
41865539,335.01,21.322323,-39.947812,2
224245334,333.01,353.357403,-41.171528,2
139357541,328.01,349.487667,-43.925539,2
144336525,326.01,356.114886,-46.866585,2
389753172,319.01,351.290954,-47.945505,2
175476629,321.01,350.977728,-38.225709,2
66356824,315.01,12.076306,-32.119349,29
229111835,302.01,17.480781,-52.239472,2
115242351,297.01,6.176883,-36.114411,2
251848941,178.02,7.30125,-30.453734,2
251848941,178.03,7.30125,-30.453734,2
305048087,237.01,353.2427,-29.4151,2
204317710,255.01,346.075057,-21.271946,29
9727392,236.01,358.444723,-10.884944,2
49687222,254.01,351.705496,-11.725416,2
326453034,223.01,339.677665,-25.631723,2
322063810,253.01,14.317859,-51.584652,2
179985715,249.01,14.080413,-38.948683,2
160074939,230.01,346.319044,-36.945536,2
149010208,243.01,3.394055,-31.334372,2
120585579,242.01,4.451491,-38.110851,2
101948569,240.01,14.754696,-44.160832,2
12862099,259.01,3.903156,-11.938108,3
37749396,260.01,4.773193,-9.964846,3
63898957,261.01,15.217632,-24.423907,30
63898957,261.02,15.217632,-24.423907,3
120916706,263.01,37.1081,-25.0974,30
164767175,266.01,26.209635,-18.400947,3
164767175,266.02,26.209635,-18.400947,3
244161191,278.01,4.8831,-5.9113,30
325680697,414.01,36.853348,-12.038913,4
206466531,410.01,56.815204,-52.98515,4
257567854,403.01,52.818043,-23.819696,4
259701242,401.01,74.466266,-53.817906,4
219388773,399.01,77.047581,-50.858766,4
219379012,397.01,76.833821,-48.115925,4
178155732,396.01,42.984364,-30.814529,30
29960110,1201.01,42.247,-14.5376,31
29960109,393.01,42.24929,-14.537842,4
250386181,390.01,30.114395,-4.985569,4
271900960,389.01,112.941801,-75.527428,4
422655579,388.01,29.263334,0.758835,4
301051430,923.01,50.036182,-45.061903,31
271722899,920.01,110.312389,-73.453262,4
176796997,926.01,48.378749,-32.005517,31
278199349,922.01,110.890356,-79.504143,4
348844154,916.01,105.956794,-60.297611,4
33595516,849.01,28.715433,-29.421797,3
42015200,848.01,24.215976,-39.142556,3
32283946,845.01,24.172621,-31.670809,3
423670610,850.01,9.765859,-17.22173,3
281924357,830.01,129.756952,-74.76322,11
306338882,856.01,14.094954,-14.788289,3
229141709,846.01,26.376629,-51.296889,3
143350972,440.01,82.246364,-17.429212,5
38686737,432.01,57.865656,-10.614048,5
169532369,425.01,78.098844,-13.605637,5
452808876,453.01,72.660661,1.893918,5
14091704,445.01,77.323426,-36.590988,5
44647437,435.01,59.41046,-25.189962,31
1449640,446.01,75.171624,-35.202599,5
117979694,424.01,71.921336,-17.745089,5
468880077,438.01,56.504249,9.990377,5
459942762,430.01,60.278255,4.541177,5
1528696,448.01,75.795429,-30.399366,32
408159788,420.01,78.447483,7.056052,5
188989177,433.01,78.778406,-15.100456,5
316916655,441.01,74.472819,-13.703695,5
4646810,461.01,38.272058,-10.351773,4
9804616,460.01,47.6431,-9.2768,4
176831592,463.01,48.956916,-32.802464,31
398733009,464.01,32.16976,-9.046048,30
420049884,462.01,36.276352,1.323725,31
399871011,943.01,74.555133,8.980854,5
248434716,940.01,77.403629,-5.671142,32
146467675,955.01,76.08191,-20.731266,5
146434840,956.01,75.360727,-22.382232,5
449050247,951.01,67.551169,5.29885,5
146438872,948.01,75.531703,-22.711909,5
245947683,950.01,70.37505,14.815657,5
319312479,952.01,61.779461,-13.766892,31
146520535,942.01,76.649547,-20.245596,5
262330063,947.01,78.318798,4.809983,5
449050248,953.01,67.552308,5.298467,5
425163745,937.01,58.896747,-2.505904,5
189013222,949.01,79.101844,-15.512539,5
434234955,944.01,63.811079,14.944852,5
52280468,472.01,99.866803,-33.540286,6
20178111,467.01,89.897514,-40.39577,6
4616072,466.01,101.994258,-21.910706,33
144700903,532.01,85.0799,11.5629,6
365639282,482.01,81.3986,8.4409,6
172464366,478.01,100.158828,-27.571419,6
71512186,525.01,90.169892,-8.468093,6
55488511,557.01,59.0172,-10.272,5
59003115,556.01,57.225286,13.483566,5
170849515,555.01,70.3398,-32.3203,31
311183180,550.01,55.031424,5.874627,5
311183180,550.02,55.031424,5.874627,5
32830028,549.01,86.7522,-24.8422,6
42821097,548.01,97.033583,-0.170683,33
49771092,542.01,96.066219,-28.134667,33
53593457,543.01,100.306,-3.9255,6
93125144,523.01,84.846542,-19.558202,6
200593988,526.01,85.3354,11.1946,6
234825296,536.01,97.720408,0.226919,6
237751146,538.01,104.3317,4.029,33
281909674,534.01,102.721137,-5.086445,6
302895996,531.01,83.1166,15.5561,6
365690646,524.01,81.543272,6.912369,6
403693875,528.01,105.0062,11.0435,6
438490744,529.01,100.256,16.5896,6
19025965,493.01,119.627943,12.883454,34
19519368,494.01,124.69586,-6.785861,34
88977253,496.01,123.097667,-5.768655,7
108645766,497.01,112.4454,-28.4832,7
121338379,498.01,129.09088,-3.860234,34
274138511,506.01,116.687019,6.445668,7
19451711,522.01,124.602799,-7.571285,7
27649847,521.01,123.3438,12.2217,34
264979636,518.01,115.716835,8.866962,7
318937509,516.01,112.3815,2.8481,7
366576758,514.01,127.882981,11.922295,7
366622912,515.01,128.067122,11.630687,34
431999925,513.01,120.7896,-20.0098,7
167031605,884.01,93.921024,11.832631,6
33690636,891.01,93.122364,-16.791944,6
35582553,649.01,102.222697,-13.527288,33
437984134,887.01,94.545327,15.952172,6
281408474,628.01,99.263067,1.767554,6
438295981,888.01,96.666075,13.299452,6
333607525,890.01,100.363188,-12.285068,33
120269103,886.01,101.693877,-6.14477,33
37084932,879.01,98.123759,-3.544801,6
365781372,627.01,81.923567,7.918569,6
49079670,641.01,101.071848,-23.819289,33
250484865,895.01,94.205554,-2.928876,6
78672342,648.01,103.002802,-18.95445,6
237808867,881.01,104.479903,5.748036,6
25334160,885.01,98.267809,-10.870722,6
79292541,642.01,104.05582,-20.052519,33
123898871,630.01,90.916016,-19.040861,33
123846039,883.01,103.369278,-6.507508,33
92992033,647.01,83.955482,-18.649631,6
92013169,882.01,89.165216,14.785626,33
102283403,896.01,89.154627,10.551752,6
229384040,897.01,98.597799,8.413917,6
54390047,998.01,118.319563,-14.218815,34
142918609,996.01,119.349966,-19.516031,7
409459226,973.01,109.950325,-11.942696,7
179159972,965.01,109.056363,-9.893698,7
5772442,979.01,111.766566,-7.129632,7
108835813,992.01,112.616718,-26.080666,7
179155220,964.01,109.106926,-8.329398,7
341186896,999.01,118.864226,-58.222113,27
279999655,959.01,114.01246,4.715091,7
52548453,987.01,100.925682,-30.492019,7
265077027,961.01,127.178386,4.038537,7
425220920,985.01,111.643954,7.016344,7
177722855,971.01,107.421556,-11.32895,33
50365310,1000.01,112.357734,-12.69596,34
133654092,975.01,121.185133,-41.559825,7
317951248,995.01,110.811418,5.562895,7
73038411,978.01,120.204129,-2.010775,34
268371979,977.01,105.063064,-2.347464,7
440801822,1008.01,109.382945,13.395211,7
238597883,1004.01,122.178224,-48.802851,34
125894957,972.01,115.280399,-26.070953,7
106997505,1003.01,110.55994,-25.207001,7
259353953,993.01,113.960884,-15.499433,34
127476180,981.01,117.113327,-28.204882,7
141776043,962.01,117.71258,-21.015654,7
453209605,968.01,116.91434,11.980818,7
175310067,1016.01,116.11082,-36.098335,34
113553629,988.01,113.424048,-30.996072,7
169904935,1005.01,120.704887,-11.101332,7
93963408,994.01,115.046365,-9.084259,34
33091633,984.01,104.875922,-4.812187,7
174599051,970.01,114.699247,-39.135484,34
5109298,960.01,107.598109,-5.432662,7
148659924,983.01,114.864438,-32.903786,7
146208651,597.01,133.457682,-48.812619,8
153651591,607.01,121.009285,-26.165703,34
80275202,610.01,121.526256,-44.375102,8
143994283,1021.01,119.300755,-42.999065,8
190990336,585.01,134.373095,-39.778427,8
77527511,613.01,142.262955,-5.375494,8
118021229,614.01,128.475349,-20.9406,8
141227133,617.01,129.315412,-47.383549,8
270841724,590.01,132.068732,-47.114723,8
182943944,1017.01,124.726506,-37.783281,8
145982812,599.01,133.14528,-50.008851,8
140706664,1020.01,128.382031,-43.828433,8
262746281,603.01,141.107943,5.766244,8
294090620,587.01,130.396025,-22.194329,8
181304295,605.01,130.919633,-36.657042,8
122262940,606.01,133.238774,-57.94062,8
1103432,565.01,130.581453,-17.189439,8
1133072,566.01,131.0859,-28.0766,8
37575651,568.01,135.340505,-28.324623,8
101011575,560.01,129.688588,-13.256682,34
377064495,561.01,148.18559,6.216373,8
377064495,561.02,148.18559,6.216373,8
377064495,561.03,148.18559,6.216373,8
386435344,575.01,127.995236,-16.884928,34
410094645,577.01,133.258936,-22.198162,8
30828562,621.01,134.718607,-43.452891,8
101395259,623.01,148.720406,-23.332148,8
78154865,638.01,147.867332,-4.123348,8
82362447,639.01,124.2495,-47.6515,8
146463781,636.01,123.8856,-31.5568,8
286132427,635.01,146.724705,-4.298086,8
344926234,634.01,151.55748,3.946547,8
348755723,633.01,134.087962,-12.934879,8
131419878,720.01,118.037283,-37.799055,8
119081096,716.01,136.2385,-18.5025,8
275248683,717.01,147.9707,2.1164,8
184952758,719.01,128.143868,-36.346713,8
410245915,725.01,133.964896,-20.274774,8
96097215,728.01,146.891733,-7.330735,8
149788158,727.01,130.736833,-2.498068,8
335499997,680.01,179.163859,-12.377443,9
33153766,653.01,144.773714,-45.426211,9
73723286,665.01,155.636868,-40.516157,9
55092869,664.01,161.707262,-9.399004,9
151681127,671.01,166.889018,-40.206942,9
462162948,684.01,150.4337,-59.850021,9
54085154,662.01,160.180195,-31.927148,9
101497191,690.01,149.225753,-33.799341,9
54962195,663.01,160.0665,-8.5107,9
147660201,670.01,163.909428,-42.84938,9
445822015,689.01,147.005721,-48.320866,9
151959065,673.01,168.998549,-36.459419,9
101955023,667.01,153.7157,-47.1567,9
219187649,676.01,171.206009,-18.617335,9
320417762,692.01,118.004251,10.249309,7
54962195,663.02,160.0665,-8.5107,9
32497972,876.01,84.1088,-24.2439,32
44797824,865.01,62.454488,-26.021975,31
34068865,731.01,146.1243,-45.7765,9
36724087,732.01,154.6464,-11.7167,9
36724087,732.02,154.6464,-11.7167,9
181804752,736.02,165.6915,-16.4062,9
434486077,743.01,156.572767,-23.508066,9
444842193,745.01,147.757849,-55.318287,9
5868998,749.01,187.7822,-23.7735,10
14614418,750.01,173.957407,-29.156015,10
61538902,752.01,176.298967,-42.063927,10
61988212,753.01,178.074472,-47.583402,10
72985822,754.01,189.29718,-42.413616,10
73228647,755.01,190.036573,-44.312003,10
104024556,748.01,196.043897,-35.549519,10
130924120,757.01,187.994616,-35.554898,10
131081852,758.01,189.76228,-31.992176,10
152147232,759.01,169.909652,-39.462115,10
162362398,760.01,169.414512,-44.01713,10
165317334,761.01,179.263588,-38.104709,10
178819686,763.01,194.468551,-39.757668,10
178819686,763.02,194.468551,-39.757668,10
181159386,764.01,174.302883,-38.307194,10
219401954,765.01,78.165079,-53.74356,10
229047362,767.01,195.359866,-27.522203,10
229811538,768.01,198.635701,-24.144216,10
248075138,769.01,192.981536,-42.073607,10
286864983,772.01,190.191526,-21.872715,10
286865921,773.01,190.152075,-19.284248,10
294301883,774.01,203.758117,-17.503465,10
306996324,776.01,178.5766,-37.5527,10
306996324,776.02,178.5766,-37.5527,10
334305570,777.01,183.118763,-49.007645,10
335630746,778.01,199.334122,-15.273591,10
398943781,780.01,190.618735,-30.639871,10
451645081,783.01,172.15656,-54.784245,10
54044474,1045.01,159.887888,-32.511956,9
238374636,1023.01,120.837856,-51.345744,9
102840239,815.01,155.871884,-43.834955,9
146172354,1036.01,157.867048,-42.2402,9
360286627,1042.01,141.975319,-61.330054,10
404340025,834.01,195.827989,-49.639682,11
461271719,838.01,203.16661,-38.845928,11
129637892,155.01,321.114974,-37.850144,28
220518305,156.01,41.467255,-64.320724,1
176957796,137.01,101.297297,-66.238034,1
348770361,161.01,46.686073,-82.316391,28
46096489,818.01,214.683032,-20.27548,11
73717937,819.01,192.189792,-47.613693,11
92226327,256.01,11.247108,-15.271294,3
281979481,274.01,130.504849,-75.801512,3
161477033,553.01,73.260995,-45.540671,5
47384844,1022.01,162.96496,-5.788634,9
15445551,747.01,185.324704,-52.840824,10
73649615,756.01,192.1051,-45.4706,10
308307606,517.01,120.199967,-60.865677,7
111991770,820.01,208.927943,-32.159616,11
277634430,771.01,164.113188,-72.984848,10
339733013,417.01,110.852026,-58.696747,4
432008938,643.01,120.6935,-23.6959,8
124573851,669.01,158.900634,-5.181666,9
260271203,207.01,94.218078,-58.229816,4
277103955,284.01,84.25437,-66.791439,4
279251651,419.01,104.1553,-59.1833,4
150271680,735.01,94.754338,-63.864507,9
125405602,821.01,209.6147,-23.2765,11
127530399,822.01,217.609129,-46.159193,11
158978373,823.01,218.658207,-40.739817,11
193641523,824.01,222.165914,-57.588236,11
220029715,825.01,208.856951,-21.207701,11
243200602,826.01,203.10599,-42.475273,11
271168962,828.01,210.193538,-30.583564,11
276128561,829.01,224.208742,-37.042889,11
287563610,840.01,198.132923,-45.590546,11
307610438,831.01,229.03349,-38.875285,11
362249359,833.01,145.6469,-62.4763,11
405700729,835.01,192.057792,-56.894237,11
437333618,843.01,207.907768,-23.781179,11
440887364,836.01,225.080844,-24.45411,11
440887364,836.02,225.080844,-24.45411,11
466840711,839.01,166.979921,-61.146263,11
304042899,775.01,164.80015,-59.234055,10
16288184,1049.01,253.768883,-28.710566,12
66818296,1050.01,239.962303,-28.061737,12
210873792,900.01,245.9056,-31.3731,12
214361331,901.01,261.06293,-50.38594,12
216935214,902.01,259.495763,-45.883523,12
261257684,904.01,89.372435,-83.130177,27
261867566,905.01,227.659012,-71.361433,12
298372701,906.01,239.825748,-49.366465,12
305424003,907.01,262.183559,-62.840202,12
364107753,909.01,251.361901,-71.83984,12
369327947,910.01,290.2261,-82.5545,12
389070884,911.01,262.335286,-38.64561,12
407126408,913.01,234.573543,-80.8038,12
406941612,912.01,229.3404,-80.4729,12
136274063,1094.01,230.498846,-53.81958,12
361034196,1090.01,242.016222,-68.588821,12
426077080,1087.01,238.00111,-76.49345,12
144440290,222.01,359.161519,-44.719088,2
70797900,224.01,1.9774,-29.979,2
47525799,225.01,343.879737,-24.409619,2
47484268,226.01,342.9664,-24.7875,2
2760710,227.01,356.5277,-16.6912,2
47316976,288.01,340.307731,-28.032666,2
124543547,898.01,104.480703,-9.924729,6
405454160,563.01,143.243377,-17.343506,8
458589703,693.01,124.275247,8.248565,7
144138509,729.01,176.03558,-9.948876,9
388624270,1026.01,125.434306,-51.759415,34
129319156,1089.01,228.843133,-52.885964,12
69679391,1151.01,294.661397,31.219227,14
154089169,1174.01,209.218133,68.618015,22
375542276,1163.01,294.091745,19.639217,14
232967440,1173.01,197.682344,70.76841,22
232967666,1167.01,198.153216,71.618127,19
341544930,1182.01,201.614877,65.306264,14
294176967,1170.01,300.805155,52.040865,14
16102323,1164.01,307.336601,37.50858,14
41330864,1168.01,301.710419,38.431039,14
79748331,1064.01,296.00392,-47.561604,27
295541511,1117.01,273.602226,-66.419808,13
89643259,1193.01,301.410842,33.049228,14
24364065,1195.01,291.120506,33.273713,14
69068526,1196.01,291.707692,17.808739,14
92677094,1197.01,293.268281,15.736138,14
99869022,1199.01,166.880694,61.352716,14
101929303,1171.01,299.273844,35.988356,14
30329585,1175.01,289.238737,31.323769,14
169177766,1177.01,297.30003,41.32684,14
83210867,1185.01,297.45933,34.829618,14
289539327,1186.01,251.633706,65.714901,14
15247229,1188.01,306.73082,38.93226,14
112026224,1189.01,292.223327,24.20144,14
138361973,1166.01,293.764996,37.538931,14
161450762,1155.01,309.275852,32.471019,14
117256577,1156.01,300.419315,26.971672,14
147576037,1157.01,144.341553,68.458658,14
379931600,1158.01,293.427333,29.596297,14
48188920,1159.01,282.420784,48.098946,14
89510024,1160.01,301.317725,30.670696,14
267489265,1132.01,298.781337,54.781534,14
69997672,1133.01,294.824105,31.95816,14
122220263,1134.01,290.020843,36.637706,14
89389197,1137.01,301.177788,30.409921,14
110428269,1138.01,291.463077,25.189456,14
284450803,1142.01,290.708912,56.615447,14
160268701,1143.01,182.539366,77.352246,14
350995812,1145.01,291.921383,36.529872,14
21755546,1146.01,292.286792,30.297336,14
117789567,1149.01,300.773998,26.892019,14
409934330,1114.01,302.147845,-71.552463,27
311890977,1102.01,263.003839,-76.857834,13
271581073,1101.01,319.551142,-77.529089,27
295599256,1108.01,274.221544,-68.197719,13
412014494,1111.01,291.373645,-60.941006,13
446549905,1110.01,286.791797,-58.697213,13
274151135,1105.01,146.062544,-89.471552,13
379286801,1115.01,283.301871,-54.910751,13
290348382,1113.01,328.705971,-77.336754,13
351603103,1103.01,310.086577,-63.789855,27
90919952,1118.01,277.43294,-44.625484,13
261369656,1119.01,292.604696,-46.277949,13
143257766,1120.01,293.389202,-45.892684,13
24094603,1121.01,269.648649,-46.065423,13
304774444,1122.01,281.369452,-52.26282,13
469782185,1123.01,292.391616,-37.304016,13
128790976,1124.01,300.212586,-43.982016,13
80166433,1125.01,298.287638,-46.370021,13
405862830,1126.01,279.062433,-43.620652,13
269450900,1127.01,292.195286,-36.00026,13
425721385,1128.01,289.761699,-43.073984,13
91576611,1129.01,284.15787,-29.398293,13
31858843,1069.01,289.479318,-32.859977,13
468148930,1086.01,305.567047,-88.568464,13
380783252,1059.01,269.714483,-60.921842,13
380589029,1084.01,268.890685,-61.747309,13
379240073,1079.01,283.119462,-55.387918,13
370133522,1078.01,306.9254,-56.4573,13
369960846,1077.01,173.812945,-88.096268,13
366989877,1054.01,302.114169,-54.317466,13
360742636,1076.01,294.633633,-55.330097,13
351601843,1075.01,309.972306,-65.449409,13
327301957,1074.01,310.760836,-72.01043,13
322270620,1083.01,296.8294,-87.3216,13
320004517,1055.01,293.285757,-54.53236,13
290348383,1099.01,328.713617,-77.338017,13
259863352,1051.01,40.363762,-71.462488,13
253990973,1061.01,284.688764,-41.242164,13
253728991,1081.01,282.140444,-40.111749,13
201642601,1067.01,288.671926,-59.579399,27
201604954,1066.01,285.096424,-54.893194,13
161032923,1080.01,276.3702,-52.2143,13
158297421,1073.01,287.484401,-49.664963,27
120247528,1071.01,280.184422,-58.459248,13
112395568,1053.01,290.977258,-33.351447,13
101230735,1060.01,299.290973,-48.934438,13
31553893,1058.01,288.911747,-31.790767,13
7088246,1065.01,286.366701,-50.067352,13
6663331,1068.01,284.399685,-49.13847,13
356919658,1863.01,273.580769,57.99289,20
400430915,1866.01,295.382209,57.325662,20
400476523,1867.01,295.558906,59.589131,20
328933398,1873.01,212.568429,84.371869,20
232641326,1874.01,281.449143,56.381694,20
233047097,1875.01,268.660944,60.356453,20
243335710,1879.01,289.861592,59.670111,20
219879302,1884.01,261.12946,67.98915,20
459997997,1888.01,156.250038,-60.575143,10
63698669,1892.01,5.164956,-33.984408,2
420645189,1897.01,48.369605,75.268316,25
91987762,1898.01,144.555603,23.546925,21
178879588,1900.01,67.418554,-28.197287,31
272212970,1902.01,180.208826,-46.136424,10
272213425,1904.01,180.165125,-45.799443,10
429302040,1905.01,188.386857,-10.146147,10
453789494,1907.01,199.433745,-47.237575,11
37718056,1908.01,4.146339,-10.976416,3
339522221,1917.01,296.688254,-63.565594,13
363851359,1920.01,200.634885,-44.688805,11
112099249,1921.01,209.517032,-30.348131,11
232976128,1249.01,200.561735,66.308733,22
233059608,1250.01,269.807205,64.14254,14
278348461,1257.01,303.195361,18.104833,14
355867695,1260.01,157.145937,65.854551,14
355867695,1260.02,157.145937,65.854551,14
365938305,1262.01,180.729147,74.061137,14
406672232,1263.01,309.353389,22.654615,14
142394656,1268.01,198.389204,62.305446,22
229536616,1297.01,195.821291,67.823411,15
237200747,1270.01,293.032708,74.891133,15
286923464,1271.01,203.510581,53.728527,22
445859771,1273.01,214.120552,58.390445,22
13499636,1275.01,320.201647,28.055745,15
43064903,1276.01,302.667462,40.668998,15
153949511,1277.01,172.748354,66.79659,15
163539739,1278.01,320.478919,35.648827,15
224297258,1279.01,185.063883,56.201148,22
232971294,1281.01,199.442826,71.721106,22
236445129,1282.01,314.268494,31.661008,15
266593143,1283.01,324.53638,30.488735,15
408203470,1289.01,307.211334,33.414467,15
277014266,1308.01,306.425922,53.561632,15
287190564,1309.01,292.505181,54.10851,15
378159598,1311.01,294.7227,41.565128,15
405904232,1312.01,301.562579,52.164129,15
11111899,1313.01,303.8248,36.651803,15
165523947,1317.01,316.813888,40.167187,15
167092385,1318.01,318.724637,38.094239,15
167098530,1319.01,318.626815,40.016685,15
167403519,1320.01,319.325008,38.104849,15
195199644,1321.01,313.536466,37.789358,15
240450679,1322.01,323.527352,46.931789,15
274942910,1325.01,322.925575,41.797,15
275111900,1326.01,323.206889,39.072232,15
345996087,1329.01,327.48009,44.080133,15
387664866,1331.01,323.548625,50.4815,15
387664868,1332.01,323.550287,50.481754,15
90504905,1234.01,290.57237,26.319555,14
120757718,1236.01,286.041048,36.632624,14
120960812,1237.01,286.638393,39.487877,14
207077681,1928.01,320.76288,-40.04826,28
160578764,1930.01,223.658715,-38.74454,11
162922904,1931.01,171.845104,-44.088694,10
172598832,1933.01,100.571268,-29.776804,33
125739286,1934.01,215.122867,-31.202071,11
254113311,1130.02,286.375932,-41.437523,13
79748331,1064.02,296.00392,-47.561604,27
158276040,1192.01,286.550098,44.080881,14
160708862,1337.01,227.270388,-42.704941,11
229770036,1348.01,282.174188,70.839697,16
272635712,1349.01,231.161861,67.464953,16
26880783,1364.01,293.443593,53.464558,16
120602501,1366.01,337.68645,40.003966,16
129539786,1367.01,343.953925,39.645239,16
155005217,1369.01,345.243835,42.549318,16
162130054,1371.01,331.117682,31.018774,16
164150539,1372.01,335.753529,30.57271,16
240613164,1377.01,326.305242,45.812568,16
252490659,1379.01,344.35979,53.14089,16
343442463,1387.01,341.518612,55.162943,16
346338552,1388.01,344.445185,38.675099,16
259126549,1401.01,291.41184,69.113007,16
69747919,1407.01,336.57612,-18.01167,2
115771549,1409.01,339.815963,33.889486,16
199444169,1410.01,334.883243,42.560269,16
116483734,1412.01,233.065047,47.861051,16
119700084,1413.01,333.252968,37.627739,16
125442121,1414.01,351.579703,38.552975,16
148782377,1415.01,219.037396,42.378275,23
158025009,1416.01,216.924024,41.953422,23
164173105,1417.01,335.825247,35.035,16
311035838,1419.01,206.094141,48.028668,16
329277372,1421.01,332.630267,57.282435,16
346418409,1423.01,344.610093,39.658876,16
418959198,1424.01,344.907248,36.517643,16
142276270,1136.01,192.184889,64.855319,22
138968089,1429.01,295.101101,40.986693,15
293954617,1430.01,300.614264,53.376815,15
259172391,1445.01,292.767675,71.497387,23
417931607,1451.01,186.524333,61.259045,22
128501004,1426.01,339.033778,37.840794,16
2041563029,1427.01,346.517459,43.898795,16
142276270,1136.02,192.184889,64.855319,14
128449971,1938.01,219.389459,-42.029315,11
7413227,1940.01,212.647808,-27.993058,11
382980571,1943.01,183.704202,-63.086726,11
127315102,1946.01,217.279809,-43.361877,11
327663613,1950.01,189.810106,-69.542013,11
356590734,1951.01,172.15626,-78.801588,11
394509844,1952.01,154.996242,-79.802602,11
242536549,1953.01,215.145621,-41.983274,11
166184426,1955.01,206.1042,-40.3367,11
334911765,1956.01,213.978998,-62.906616,11
356747847,1958.01,175.335633,-78.163008,11
400323948,1959.01,166.085977,-67.991835,11
179319057,1961.01,211.593449,-40.523873,11
141663464,1962.01,228.62915,-43.387042,11
190271688,1963.01,221.343508,-54.761146,11
242083025,1964.01,201.642317,-39.62987,11
295354126,1965.01,223.151953,-61.568676,11
242120884,1966.01,209.982809,-43.327328,11
320079492,1967.01,174.845072,-65.176303,11
210445631,1968.01,212.193273,-56.322337,11
293708935,1969.01,222.333615,-60.080244,11
162695785,1970.01,190.72037,-53.688304,11
253132689,1971.01,194.769774,-57.253711,11
47617161,1973.01,220.426853,-33.826103,11
295562522,1974.01,171.378392,-67.778577,11
329888006,1976.01,212.846609,-50.069975,11
383531859,1977.01,216.147712,-60.3836,11
127793615,1980.01,218.270263,-43.298398,11
437329044,1982.01,207.584922,-23.383365,11
162246865,1984.01,168.871599,-44.428865,10
469212332,1985.01,148.390557,-58.37606,10
161156159,1988.01,190.132449,-48.740871,10
324395151,1989.01,176.866391,-64.882988,10
457939414,1990.01,158.670762,-59.748524,10
82707763,1991.01,169.958942,-51.866035,10
147340931,1992.01,162.916872,-44.984775,10
453464017,1993.01,152.280676,-72.798248,10
299023386,1995.01,143.466469,-53.561649,10
275384718,1996.01,178.547355,-46.896935,10
142378043,1997.01,181.632458,-31.645668,10
429295277,1998.01,184.259126,-51.07503,10
118084044,2001.01,128.181354,-58.57553,10
356453768,2002.01,134.190839,-61.371456,10
58463434,2003.01,201.527177,-27.41252,10
439610306,2004.01,143.467064,-55.175808,10
147660886,2005.01,164.031793,-43.37673,10
243187830,2009.01,16.90781,22.95498,17
136916387,2011.01,230.450752,-48.317605,12
394050135,2025.01,282.795167,82.245434,24
407059875,2026.01,5.470038,66.16817,24
335996558,2027.01,333.331858,62.85738,24
336456596,2028.01,334.434392,62.465004,24
445254275,2029.01,12.216124,59.386726,24
422656370,2030.01,349.671757,68.299214,24
470127886,2031.01,331.117053,81.56594,24
470159478,2032.01,333.311459,81.73972,24
53617134,2033.01,17.679842,65.249659,25
427279997,2034.01,351.380756,54.60119,24
53709089,2035.01,17.736737,61.092108,24
368320811,2036.01,233.015006,24.08495,24
405559035,2037.01,234.861384,55.153601,24
235937532,2038.01,293.914682,81.554793,24
237071229,2039.01,307.022907,61.871496,24
427730490,2040.01,352.274121,71.506364,24
54364414,2041.01,19.234114,62.35175,25
269424395,2042.01,350.369483,60.801228,24
346929661,2043.01,0.977583,59.334778,24
270333769,2044.01,351.880334,61.392537,24
347013211,2045.01,1.119139,54.934463,24
468574941,2046.01,16.184842,74.331348,24
363761216,2047.01,5.867238,71.158814,25
115524421,2064.01,254.130645,44.302647,24
159873822,2048.01,237.92418,52.306314,24
314835525,2049.01,346.909669,56.694515,24
316468545,2050.01,323.90808,65.437527,24
375850439,2051.01,336.295056,67.971184,24
1100766816,2052.01,238.501323,19.597273,24
315755496,2053.01,310.331527,82.435266,24
378355116,2054.01,358.2484,60.481664,24
322062001,2055.01,324.238926,69.283953,24
396356111,2056.01,2.600379,58.489482,24
229888286,2057.01,226.116433,28.215779,24
326732851,2058.01,359.678269,62.625938,24
403308915,2059.01,5.19892,55.542848,24
285542903,2060.01,13.270025,60.618116,24
327577308,2061.01,4.746308,56.367029,24
373785851,2062.01,27.778525,63.081441,25
334811204,2063.01,331.701794,63.59906,24
138294130,2012.01,229.991336,36.229649,24
368287008,2015.01,232.132925,27.360798,24
357416482,2017.01,228.950073,27.361768,24
357501308,2018.01,229.838138,29.206174,24
159781361,2019.01,234.431684,48.955406,24
236312126,2021.01,240.54936,28.169561,24
16884216,2023.01,232.863124,33.902033,24
178155732,396.03,42.984364,-30.814529,30
356710041,2065.01,192.577205,26.159524,23
141663460,2066.01,228.632025,-43.385009,11
422838133,2116.01,23.82956,72.936838,25
279212407,2117.01,25.690182,65.895822,25
427320001,2112.01,343.853846,70.297284,25
1400212743,2113.01,267.354608,40.45738,25
17416749,2118.01,242.201042,35.691251,25
394029948,2110.01,282.22904,78.568858,25
54464870,2115.01,19.595446,63.545043,25
347538174,2108.01,247.481602,21.495129,25
9828416,2114.01,261.096435,33.205086,25
392476080,2109.01,253.186335,16.579955,25
105840719,2123.01,243.941051,17.024018,25
320798691,2130.01,271.537708,26.426664,26
27848472,2131.01,278.631773,35.661525,26
358516596,2132.01,283.305518,24.127383,26
75878355,2134.01,271.9352,39.074146,26
76419763,2135.01,274.40547,36.621436,26
336128819,2136.01,281.176524,36.562368,26
23059280,2137.01,274.143862,34.173051,26
308172249,2139.01,267.284975,29.879095,26
399860444,2140.01,286.808491,49.316414,26
44313455,2142.01,267.04687,15.979651,26
88992642,2145.01,263.758112,40.695057,26
158916431,2146.01,269.990006,29.655212,26
341630071,2147.01,155.642303,83.083717,26
1716467085,2149.01,285.59643,42.507347,26
230267547,2150.01,264.591095,18.473832,26
23389848,2151.01,275.117959,30.855806,26
395393265,2152.01,26.338409,77.790173,26
428787891,2154.01,71.028621,84.3642,26
461591646,2155.01,5.799278,84.452844,26
258402425,2156.01,274.416593,23.917753,26
298495970,2157.01,261.717929,25.849319,26
342642208,2158.01,276.810255,20.526853,26
270515566,2159.01,264.454111,47.230247,26
366563452,2161.01,304.444576,77.166175,26
284564230,2162.01,291.523894,58.510083,26
43429656,2163.01,261.440943,23.056956,26
49967354,2164.01,277.90775,13.897961,26
73560357,2165.01,281.405746,16.415352,26
160162987,2167.01,242.364092,84.490906,26
8516795,2169.01,279.170086,23.258752,26
154741689,2170.01,164.310543,89.086977,26
75656058,2171.01,270.898703,38.073541,26
76197937,2172.01,273.70276,37.630111,26
293567206,2173.01,145.801943,87.868835,26
159815224,2174.01,268.82421,40.167502,26
405717754,2175.01,286.243425,50.040353,15
123495874,2176.01,282.629656,46.323331,14
123233041,2177.01,281.288121,42.451081,14
164892194,2178.01,285.240848,46.66824,14
268823307,2182.01,299.407035,44.035053,15
212253390,2211.01,308.538682,-29.672111,27
317089588,2210.01,347.46248,-79.69996,27
90850770,2207.01,307.596595,-44.887507,27
381856447,2206.01,322.252873,-58.836195,27
467971286,2204.01,289.29735,-60.891683,27
219306934,2201.01,316.669507,-57.578035,27
369455629,2199.01,311.673166,-41.82089,27
100566492,2198.01,309.511196,-48.462063,27
389352124,2197.01,311.042586,-39.225239,27
372172128,2196.01,312.339864,-70.484986,27
271478281,2194.01,299.154276,-31.335318,27
401604346,2193.01,313.691267,-72.804637,27
262471759,2191.01,313.4029,-36.82153,27
389421473,2190.01,311.75109,-38.6706,27
238171173,2186.01,357.00214,-68.48763,27
355096431,2185.01,314.57665,-40.26855,27
425561347,2215.01,286.073163,-32.354253,27
273695332,2223.01,18.68896,-81.9822,27
405425498,2227.01,337.517847,-67.85027,27
441420236,2221.01,311.2897,-31.3409,27
152714791,2249.01,304.628833,-30.648787,27
376168473,2247.01,310.483532,-38.877982,27
1989628303,2244.01,308.563404,-48.274791,27
1990842033,2243.01,310.483668,-38.877972,27
92562123,2242.01,315.171742,-35.871,27
389238529,2237.01,302.999561,-37.561604,27
271491157,2234.01,299.229777,-35.397149,27
439444938,2232.01,301.540307,-33.667355,27
100504381,2231.01,308.563623,-48.274671,27
129432342,2230.01,304.452792,-44.968413,27
288636342,1692.02,279.464488,78.61113,26
265146266,2255.01,316.892469,74.38313,24
61980227,2316.01,335.53687,-30.76388,28
302333151,2315.01,320.52413,-27.55439,28
355446093,2314.01,350.86985,-52.17591,28
325468685,2313.01,354.81687,-78.74653,28
147425389,2312.01,327.61754,-46.29526,28
25139786,2311.01,326.27267,-20.03252,28
328012209,2309.01,2.94426,-68.570136,28
270219048,2307.01,330.13587,-29.14849,28
147284470,2306.01,324.80081,-44.37528,28
70420766,2304.01,339.436014,-30.608296,28
197959526,2303.01,348.29656,-53.83279,28
144000801,2302.01,336.27884,-52.536622,28
138126035,2321.01,196.736426,16.549448,23
207501148,2320.01,247.657526,56.39933,25
349488688,2319.01,253.784817,20.491332,25
69819610,2324.01,337.887232,-23.164894,28
394287035,2328.01,31.68993,-81.24736,28
189620016,2372.01,144.040636,-24.751125,8
432132155,2371.01,137.311758,-19.778012,8
347357977,2370.01,132.898875,-16.386258,8
220068921,2369.01,83.913792,4.82811,6
401125028,2368.01,134.957657,-48.488408,8
441159680,2367.01,333.111313,-26.926322,28
204671232,2361.01,184.982729,-27.284882,10
31656385,2360.01,46.65952,-66.007983,28
436102447,2359.01,83.818683,6.587777,6
124095888,2358.01,196.285867,-31.985317,10
124206468,2357.01,197.200513,-31.49946,10
30947715,2356.01,79.617824,-28.005929,6
124515764,2355.01,199.02116,-33.763929,10
219766989,2354.01,192.321724,-21.332987,10
290036495,2351.01,192.66173,-14.565065,10
47601197,2350.01,97.408147,-21.994347,6
405452527,2349.01,143.259373,-13.830644,8
91555165,2345.01,43.88373,-34.977525,31
311179742,2344.01,257.715078,-75.729997,13
100267480,2341.01,306.843192,-53.220607,13
230001847,2337.01,290.619986,60.853861,26
88902249,2336.01,230.230383,-33.692379,11
286000547,2332.01,139.741594,-15.308055,8
439366538,2374.01,319.49828,-22.04969,28
164150537,2375.01,335.741971,30.573224,16
237885040,2387.01,20.41044,-64.87565,29
32487566,2386.01,4.60292,-15.267299,29
231850364,2385.01,26.96502,-61.68676,29
382602147,2384.01,36.156112,-64.999966,29
20897611,2383.01,1.48484,-20.65396,29
2760219,2382.01,356.37519,-16.11412,29
39080923,2381.01,13.64379,-67.91503,29
176220787,2380.01,0.32575,-8.926293,29
201177276,2379.01,358.091928,-53.043163,29
231063955,2378.01,31.617082,-56.198935,29
146165619,2377.01,341.87177,-15.572817,29
326522874,2376.01,344.74399,-23.14803,29
89544985,2389.01,357.9623,-19.17848,29
369965258,2390.01,5.1285,-61.38613,29
299897516,2391.01,10.16184,-60.88047,29
1525480,2402.01,156.5278,-17.262654,9
219701535,2399.01,175.472819,-21.796755,9
144124187,2395.01,175.879371,-7.29609,9
144297844,2394.01,178.890806,-10.029076,9
293435336,2403.01,26.63274,2.700565,30
10837041,2411.01,20.92297,-8.701384,30
248391319,2410.01,19.626777,-0.056509,30
321068176,2409.01,44.338513,-41.191695,30
67630845,2408.01,18.241868,-32.96602,30
212957629,2406.01,8.805081,-3.370635,30
231297123,2405.01,45.143826,-51.793742,30
684936227,2412.01,62.378395,-62.851371,29
237320326,2414.01,344.873412,-60.44781,28
206498307,2413.01,332.188138,-18.992665,28
161223358,2415.01,340.977013,-53.428355,28
248387177,2425.01,19.130676,-0.290049,30
313891529,2424.01,0.314971,-28.493217,29
347553438,2432.01,45.112783,0.380894,31
258804746,2431.01,37.763667,8.381994,31
23170835,2430.01,46.558697,-9.810064,31
420051632,2429.01,36.36395,1.057831,31
274193763,2428.01,53.831468,3.028639,31
142937186,2427.01,52.290973,-31.363045,31
97486178,2426.01,43.810922,-20.781408,31
142868621,2446.01,50.942789,-31.2649,31
439867639,2445.01,43.315909,0.05244,31
29959760,2444.01,42.263518,-16.559643,31
318753380,2443.01,40.178638,1.198678,31
129839175,2440.01,55.269811,-36.943865,31
274194927,2439.01,54.028411,1.933868,31
251094370,2437.01,37.938543,-5.514906,31
71013298,2467.01,65.71755,-12.67708,32
293612446,2466.01,76.867329,16.867721,32
146523262,2465.01,76.737032,-18.904652,32
452375478,2463.01,88.090255,-48.09086,32
248434780,2462.01,77.314466,-5.557436,32
411839167,2461.01,78.919808,16.278755,32
454224694,2460.01,79.528163,2.563774,32
449197831,2458.01,79.621542,1.253866,32
117799904,2457.01,70.167254,-12.89081,32
311271011,2456.01,80.579673,10.575313,32
434260570,2455.01,64.243752,14.771793,32
59128183,2453.01,74.837282,12.936448,32
4294779,2451.01,81.312672,-0.770745,32
408114363,2450.01,77.952386,6.79572,32
262435954,2478.01,73.554264,1.233795,32
412054152,2477.01,79.742462,15.203145,32
449257028,2474.01,79.844004,3.12272,32
117843067,2469.01,70.308487,-15.672089,32
328934463,2485.01,205.204317,22.984,23
68035559,2484.01,219.734383,37.026719,23
279327604,2489.01,332.55326,-45.04964,28
139251123,2488.01,347.13598,-45.02652,28
77437543,2490.01,73.124406,-36.257153,32
34077285,880.02,94.164469,-13.987437,33
206906112,2504.01,97.214862,11.5319,33
124778445,2503.01,94.444806,-35.706402,33
206785987,2500.01,96.698978,8.200994,33
263179590,2498.01,95.416222,11.251734,33
97568467,2497.01,90.062533,11.884175,33
160328683,2496.01,91.196196,-32.58024,33
33091590,2495.01,104.826976,-4.828231,33
123664207,2493.01,89.746095,-21.575582,33
80567842,2491.01,87.283378,9.627529,33
123627908,2515.01,89.293872,-18.672284,33
204698337,2535.01,185.52979,-24.943058,10
418012030,2533.01,212.638865,26.423347,23
20579360,2532.01,201.167842,-19.896222,10
83154030,2528.01,188.834725,-18.029467,10
380836882,2526.01,270.134854,-65.613847,13
169249234,2524.01,160.8868,-1.912719,9
399967279,2537.01,54.388097,10.057884,5
201508515,2539.01,93.038431,-30.787894,33
453211454,509.02,117.92497,9.386054,34
31515092,2552.01,115.918859,-10.257142,34
6276559,2551.01,112.515623,-11.790483,34
350293646,2548.01,131.107097,1.86003,34
444013020,2547.01,133.324286,8.523003,34
388089437,2546.01,120.969221,11.135458,34
149845414,2545.01,135.545866,-3.42077,34
431971818,2542.01,120.556915,-23.523388,34
102713734,2580.01,62.199088,67.116549,19
104986789,2578.01,68.052071,52.2528,19
115453244,2576.01,83.653937,30.406449,19
47601197,2350.02,97.408147,-21.994347,6
239816546,2570.01,87.188072,32.084112,19
441155146,2560.01,332.75924,-27.295563,1
258983679,2593.01,105.223543,8.095704,33
456844391,2601.01,113.40764,-21.468153,34
308883808,2609.01,152.492462,-12.178754,35
269850928,2608.01,69.42728,-80.5078,35
149539158,2607.01,86.018582,-59.946061,35
146776480,2605.01,124.355025,-34.464643,35
189625051,2604.01,144.287625,-29.800437,35
176772671,2603.01,142.566679,-18.843066,35
191928543,2602.01,136.50763,-39.548289,35
268914377,2610.01,118.049989,-48.498621,35
263075864,2614.01,17.19473,-78.17305,27
234282389,2611.01,335.26805,-64.7122,1
318812447,2634.01,41.036405,3.9103,31
386131764,2633.01,111.590423,-13.925641,34
152852327,2643.01,182.16639,-8.74718,36
448589187,2642.01,166.318926,-34.122771,36
162802770,2641.01,171.130562,-42.732097,36
135036669,2640.01,150.273363,-52.435828,36
98753307,2639.01,187.357711,-10.985011,36
458342769,2638.01,159.842639,-55.49182,36
349408306,2637.01,110.426179,-64.01418,36
385332171,2644.01,181.692856,-16.510161,36
230980206,2649.01,24.009275,-55.793786,2
423672208,2662.01,21.498305,-14.818596,3
170889511,2666.01,139.480764,-3.387251,35
277871306,2664.01,156.922429,0.501133,35
